<?xml version="1.0" encoding="UTF-8"?>

<mule xmlns:ee="http://www.mulesoft.org/schema/mule/ee/core" xmlns:db="http://www.mulesoft.org/schema/mule/db"
	xmlns:http="http://www.mulesoft.org/schema/mule/http"
	xmlns="http://www.mulesoft.org/schema/mule/core" xmlns:doc="http://www.mulesoft.org/schema/mule/documentation" xmlns:xsi="http://www.w3.org/2001/XMLSchema-instance" xsi:schemaLocation="http://www.mulesoft.org/schema/mule/core http://www.mulesoft.org/schema/mule/core/current/mule.xsd
http://www.mulesoft.org/schema/mule/http http://www.mulesoft.org/schema/mule/http/current/mule-http.xsd
http://www.mulesoft.org/schema/mule/db http://www.mulesoft.org/schema/mule/db/current/mule-db.xsd
http://www.mulesoft.org/schema/mule/ee/core http://www.mulesoft.org/schema/mule/ee/core/current/mule-ee.xsd">
	<http:listener-config name="HTTP_Listener_config" doc:name="HTTP Listener config" doc:id="64be6ba7-1705-4509-af9d-39fc1773b256" >
		<http:listener-connection host="0.0.0.0" port="8081" />
	</http:listener-config>
	<db:config name="Database_Config" doc:name="Database Config" doc:id="a5b4625d-2dd0-4324-b5b0-9843e8841fcc" >
		<db:my-sql-connection host="localhost" port="3306" user="root" password="tiger" database="sys" />
	</db:config>
	<flow name="projectFlow" doc:id="0a474bd1-3b60-4022-b98a-abf0d14623a1" >
		<http:listener doc:name="Listener" doc:id="5e1be467-934c-4a61-babe-1c685d9f865b" config-ref="HTTP_Listener_config" path="/api"/>
		<flow-ref doc:name="Flow Reference" doc:id="f10e5b67-d014-45fe-8ed8-61cf85f5d3d7" name="patchAstudent"/>
	</flow>
	<sub-flow name="getAllstudents" doc:id="4f2448ed-3371-45f4-ac30-6c1047b61df6" >
		<db:select doc:name="Select" doc:id="dce350ea-7e51-45b3-a714-3e2e8a814d71" config-ref="Database_Config">
			<db:sql ><![CDATA[SELECT * FROM sys.student_table;
]]></db:sql>
		</db:select>
		<ee:transform doc:name="Transform Message" doc:id="258b2d60-42d7-48fc-b476-a124666618f4" >
			<ee:message >
				<ee:set-payload ><![CDATA[%dw 2.0
output application/json
---
payload]]></ee:set-payload>
			</ee:message>
		</ee:transform>
		<logger level="INFO" doc:name="Logger" doc:id="7bd8a799-0d93-448b-afbd-341b34fc9a76" message="#[payload]"/>
	</sub-flow>
	<sub-flow name="getAstudent" doc:id="9a29ed0d-1f95-47c9-b98b-d31eed1d3ea4" >
		<set-variable value="#[attributes.queryParams.Student_Id default '']" doc:name="Set Variable" doc:id="1edde02f-4f1c-4a46-af59-b07adacf0d63" variableName="idVar"/>
		<db:select doc:name="Select" doc:id="c5bf08a5-3634-406f-841b-17d6dde55670" config-ref="Database_Config">
			<db:sql ><![CDATA[Select * from sys.student_table
where Student_Id=:Id;]]></db:sql>
			<db:input-parameters ><![CDATA[#[{
	Id: vars.idVar
	
}]]]></db:input-parameters>
		</db:select>
		<ee:transform doc:name="Transform Message" doc:id="01eae3d2-93ef-4d95-8849-8425b005517f" >
			<ee:message >
				<ee:set-payload ><![CDATA[%dw 2.0
output application/json
---
payload]]></ee:set-payload>
			</ee:message>
		</ee:transform>
		<logger level="INFO" doc:name="Logger" doc:id="9cd2b48f-5dcc-48eb-bfcf-893925a9a793" message="#[payload]"/>
	</sub-flow>
	<sub-flow name="patchAstudent" doc:id="dc9ba686-f5a7-4a12-9c5f-5eef93eea1d8" >
		<db:update doc:name="Update" doc:id="e4748f30-31d3-4fbd-a17e-4a9193004521" config-ref="Database_Config">
			<db:sql ><![CDATA[update sys.student_table set Internal_marks=:marks
where Student_Id=:id;]]></db:sql>
			<db:input-parameters ><![CDATA[#[{
   marks:payload.Internal_marks ,
   id:payload.Student_Id
}]]]></db:input-parameters>
		</db:update>
		<ee:transform doc:name="Transform Message" doc:id="11519c63-5bad-4a8e-ad3b-b3e0a1e35216" >
			<ee:message >
				<ee:set-payload ><![CDATA[%dw 2.0
output application/json
---
[
 "row updated"
]]]></ee:set-payload>
			</ee:message>
		</ee:transform>
		<logger level="INFO" doc:name="Logger" doc:id="54e0b94f-ef30-4446-b4eb-54d4fa287904" message="#[payload]"/>
	</sub-flow>
</mule>
