<?xml version='1.0' encoding='UTF-8'?>
<types:mule xmlns:types="http://www.mulesoft.org/schema/mule/types">
  <types:catalog>
    <types:type name="auto_dc9ba686-f5a7-4a12-9c5f-5eef93eea1d8_Input-Payload" format="java">
      <types:shape format="weave" example="weave/autogenerated/dc9ba686-f5a7-4a12-9c5f-5eef93eea1d8/Input-Payload.wev" autogeneratedOrigin="f10e5b67-d014-45fe-8ed8-61cf85f5d3d7"><![CDATA[%dw 2.0

type auto_dc9ba686_f5a7_4a12_9c5f_5eef93eea1d8_Input_Payload = Any

]]></types:shape>
    </types:type>
    <types:type name="auto_dc9ba686-f5a7-4a12-9c5f-5eef93eea1d8_Input-Attributes" format="java">
      <types:shape format="weave" example="weave/autogenerated/dc9ba686-f5a7-4a12-9c5f-5eef93eea1d8/Input-Attributes.wev" autogeneratedOrigin="f10e5b67-d014-45fe-8ed8-61cf85f5d3d7"><![CDATA[%dw 2.0

type auto_dc9ba686_f5a7_4a12_9c5f_5eef93eea1d8_Input_Attributes = {|
  listenerPath: String, 
  rawRequestPath: String, 
  relativePath: String, 
  maskedRequestPath: String, 
  version: String, 
  scheme: String, 
  method: String, 
  requestUri: String, 
  rawRequestUri: String, 
  queryString: String, 
  localAddress: String, 
  remoteAddress: String, 
  clientCertificate?: java_security_cert_Certificate, 
  queryParams: { _?: String }, 
  uriParams: { _?: String }, 
  requestPath: String, 
  headers: { _?: String }
|} {"typeAlias": "HttpRequestAttributes",
"typeId": "org.mule.extension.http.api.HttpRequestAttributes"}
type java_security_cert_Certificate = {|
  encoded?: Binary, 
  publicKey?: java_security_PublicKey, 
  "type"?: String
|} {"typeAlias": "Certificate",
"typeId": "java.security.cert.Certificate"}
type java_security_PublicKey = {|  |} {"typeAlias": "PublicKey",
"typeId": "java.security.PublicKey"}





]]></types:shape>
    </types:type>
    <types:type name="auto_dc9ba686-f5a7-4a12-9c5f-5eef93eea1d8_Output-Payload" format="json">
      <types:shape format="weave" example="weave/autogenerated/dc9ba686-f5a7-4a12-9c5f-5eef93eea1d8/Output-Payload.wev" autogeneratedOrigin="f10e5b67-d014-45fe-8ed8-61cf85f5d3d7"><![CDATA[%dw 2.0

type auto_dc9ba686_f5a7_4a12_9c5f_5eef93eea1d8_Output_Payload = Array<String>

]]></types:shape>
    </types:type>
    <types:type name="auto_dc9ba686-f5a7-4a12-9c5f-5eef93eea1d8_Output-Attributes" format="java">
      <types:shape format="weave" example="weave/autogenerated/dc9ba686-f5a7-4a12-9c5f-5eef93eea1d8/Output-Attributes.wev" autogeneratedOrigin="f10e5b67-d014-45fe-8ed8-61cf85f5d3d7"><![CDATA[%dw 2.0

type auto_dc9ba686_f5a7_4a12_9c5f_5eef93eea1d8_Output_Attributes = Null

]]></types:shape>
    </types:type>
  </types:catalog>
  <types:enrichment select="#dc9ba686-f5a7-4a12-9c5f-5eef93eea1d8">
    <types:processor-declaration>
      <types:input-event>
        <types:message>
          <types:payload type="auto_dc9ba686-f5a7-4a12-9c5f-5eef93eea1d8_Input-Payload"/>
          <types:attributes type="auto_dc9ba686-f5a7-4a12-9c5f-5eef93eea1d8_Input-Attributes"/>
        </types:message>
      </types:input-event>
      <types:output-event>
        <types:message>
          <types:payload type="auto_dc9ba686-f5a7-4a12-9c5f-5eef93eea1d8_Output-Payload"/>
          <types:attributes type="auto_dc9ba686-f5a7-4a12-9c5f-5eef93eea1d8_Output-Attributes"/>
        </types:message>
      </types:output-event>
    </types:processor-declaration>
  </types:enrichment>
</types:mule>